,slug,company_name,title,board_id,url,date_posted,date_scraped
0,021-strategic,RightBlue Labs Inc,grants specialist,6edb824628c1,https://021-strategic.breezy.hr/p/6edb824628c1-grants-specialist,2026-09-23 12:38:31.603000+00:00,2026-09-30 16:06:35.459312+00:00
1,021-strategic,RightBlue Labs Inc,growth partner,1e230352bee6,https://021-strategic.breezy.hr/p/1e230352bee6-growth-partner,2026-02-13 20:12:45.728000+00:00,2026-09-30 16:06:35.459312+00:00
2,021-strategic,RightBlue Labs Inc,senior technical sr&ed writer (software focus),ddd5d96dd8f9,https://021-strategic.breezy.hr/p/ddd5d96dd8f9-senior-technical-sr-ed-writer-software-focus,2026-02-13 19:41:28.071000+00:00,2026-09-30 16:06:35.459312+00:00
3,1-grid,1-grid,advanced technical support agent,ec6a99ca28f7,https://1-grid.breezy.hr/p/ec6a99ca28f7-advanced-technical-support-agent,2026-09-10 07:47:44.656000+00:00,2026-09-30 16:06:35.459312+00:00
4,1001,1001,android developer,77078545d414,https://1001.breezy.hr/p/77078545d414-android-developer,2023-08-22 11:14:51.803000+00:00,2026-09-30 16:06:35.459312+00:00
5,1001,1001,associate product manager,8e183aec4d84,https://1001.breezy.hr/p/8e183aec4d84-associate-product-manager,2025-12-24 13:27:00.053000+00:00,2026-09-30 16:06:35.459312+00:00
6,1001,1001,automation & quality assurance manager,181c2c5e2c33,https://1001.breezy.hr/p/181c2c5e2c33-automation-quality-assurance-manager,2024-09-13 17:36:11.356000+00:00,2026-09-30 16:06:35.459312+00:00
7,1001,1001,backend engineer,991a416a4798,https://1001.breezy.hr/p/991a416a4798-backend-engineer,2024-04-23 07:49:04.811000+00:00,2026-09-30 16:06:35.459312+00:00
8,1001,1001,business development manager role,19d72ba404e0,https://1001.breezy.hr/p/19d72ba404e0-business-development-manager-role,2024-12-04 07:53:51.188000+00:00,2026-09-30 16:06:35.459312+00:00
9,1001,1001,chief of staff,3c4a662c33f6,https://1001.breezy.hr/p/3c4a662c33f6-chief-of-staff,2025-09-09 17:36:44.749000+00:00,2026-09-30 16:06:35.459312+00:00
10,1001,1001,data engineer,76cf7c6aad2a,https://1001.breezy.hr/p/76cf7c6aad2a-data-engineer,2024-09-24 10:36:39.059000+00:00,2026-09-30 16:06:35.459312+00:00
11,1001,1001,devops engineer,89cd58791118,https://1001.breezy.hr/p/89cd58791118-devops-engineer,2024-05-16 07:31:15.154000+00:00,2026-09-30 16:06:35.459312+00:00
12,1001,1001,digital operations manager (content & product),0c1f96d4fbdb,https://1001.breezy.hr/p/0c1f96d4fbdb-digital-operations-manager-content-product,2024-06-23 14:05:14.019000+00:00,2026-09-30 16:06:35.459312+00:00
13,1001,1001,field marketing specialist,7aa5340620ea,https://1001.breezy.hr/p/7aa5340620ea-field-marketing-specialist,2026-02-23 08:11:32.155000+00:00,2026-09-30 16:06:35.459312+00:00
14,1001,1001,frontend engineer,4dba88f48f7b,https://1001.breezy.hr/p/4dba88f48f7b-frontend-engineer,2024-05-14 13:16:03.595000+00:00,2026-09-30 16:06:35.459312+00:00
15,1001,1001,junior android developer,782555729379,https://1001.breezy.hr/p/782555729379-junior-android-developer,2023-08-22 11:14:56.665000+00:00,2026-09-30 16:06:35.459312+00:00
16,1001,1001,junior ios developer,fd355ffaf695,https://1001.breezy.hr/p/fd355ffaf695-junior-ios-developer,2023-08-22 11:15:02.458000+00:00,2026-09-30 16:06:35.459312+00:00
17,1001,1001,marketing & communications manager,bb9a50badb8c,https://1001.breezy.hr/p/bb9a50badb8c-marketing-communications-manager,2026-02-23 08:09:01.298000+00:00,2026-09-30 16:06:35.459312+00:00
18,1001,1001,marketing coordinator,813747f830e4,https://1001.breezy.hr/p/813747f830e4-marketing-coordinator,2026-03-25 12:44:55.250000+00:00,2026-09-30 16:06:35.459312+00:00
19,1001,1001,partnership alliance director,ea00b9f06cb5,https://1001.breezy.hr/p/ea00b9f06cb5-partnership-alliance-director,2025-08-05 09:55:10.263000+00:00,2026-09-30 16:06:35.459312+00:00
20,1001,1001,quality assurance tester,bb5c67280af9,https://1001.breezy.hr/p/bb5c67280af9-quality-assurance-tester,2023-08-22 11:14:28.173000+00:00,2026-09-30 16:06:35.459312+00:00
21,1001,1001,senior android engineer,518121b62ac8,https://1001.breezy.hr/p/518121b62ac8-senior-android-engineer,2023-08-22 11:14:33.526000+00:00,2026-09-30 16:06:35.459312+00:00
22,1001,1001,senior frontend engineer,7e2f5fce6369,https://1001.breezy.hr/p/7e2f5fce6369-senior-frontend-engineer,2025-11-20 11:41:57.599000+00:00,2026-09-30 16:06:35.459312+00:00
23,1001,1001,senior ios developer,c364a8fa131c,https://1001.breezy.hr/p/c364a8fa131c-senior-ios-developer,2023-08-22 11:14:46.569000+00:00,2026-09-30 16:06:35.459312+00:00
24,1001,1001,talented driven professional,a23e2c9d9af5,https://1001.breezy.hr/p/a23e2c9d9af5-talented-driven-professional,2024-07-30 13:47:06.075000+00:00,2026-09-30 16:06:35.459312+00:00
25,1001,1001,ios engineer,8ca23312b3ad,https://1001.breezy.hr/p/8ca23312b3ad-ios-engineer,2023-08-22 11:14:38.901000+00:00,2026-09-30 16:06:35.459312+00:00
26,1001,1001,🎨 ui/ux designer,6ef46d901cc8,https://1001.breezy.hr/p/6ef46d901cc8-ui-ux-designer,2025-03-10 21:42:35.790000+00:00,2026-09-30 16:06:35.459312+00:00
27,1234s,1234S.org,kurucu ortak (topluluk gönüllüsü) / co-founder (community volunteer),38156cc935b9,https://1234s.breezy.hr/p/38156cc935b9-kurucu-ortak-topluluk-gonullusu-co-founder-community-volunteer,2026-04-22 17:05:50.492000+00:00,2026-09-30 16:06:35.459312+00:00
28,1440-foods-manufacturing,1440 Foods Manufacturing,alternative channels sales manager,dc1fa88becea,https://1440-foods-manufacturing.breezy.hr/p/dc1fa88becea-alternative-channels-sales-manager,2026-08-05 13:41:56.770000+00:00,2026-09-30 16:06:35.459312+00:00
29,1440-foods-manufacturing,1440 Foods Manufacturing,associate brand manager,0bceda4a56b2,https://1440-foods-manufacturing.breezy.hr/p/0bceda4a56b2-associate-brand-manager,2026-09-03 20:22:36.182000+00:00,2026-09-30 16:06:35.459312+00:00
30,1440-foods-manufacturing,1440 Foods Manufacturing,co-manufacturing quality manager,86c34b154530,https://1440-foods-manufacturing.breezy.hr/p/86c34b154530-co-manufacturing-quality-manager,2026-09-23 15:02:40.704000+00:00,2026-09-30 16:06:35.459312+00:00
31,1440-foods-manufacturing,1440 Foods Manufacturing,controls technician - 2nd shift,bb48b60fd1dc,https://1440-foods-manufacturing.breezy.hr/p/bb48b60fd1dc-controls-technician-2nd-shift,2026-08-19 17:55:29.616000+00:00,2026-09-30 16:06:35.459312+00:00
32,1440-foods-manufacturing,1440 Foods Manufacturing,customer development manager - grocery channel,224bc8543253,https://1440-foods-manufacturing.breezy.hr/p/224bc8543253-customer-development-manager-grocery-channel,2026-09-03 19:48:49.657000+00:00,2026-09-30 16:06:35.459312+00:00
33,1440-foods-manufacturing,1440 Foods Manufacturing,digital shelf strategy manager,213d78451329,https://1440-foods-manufacturing.breezy.hr/p/213d78451329-digital-shelf-strategy-manager,2026-09-03 20:35:32.516000+00:00,2026-09-30 16:06:35.459312+00:00
34,1440-foods-manufacturing,1440 Foods Manufacturing,distribution/inventory role - 1st shift - starting at 21.50/hr,acb8eb32d227,https://1440-foods-manufacturing.breezy.hr/p/acb8eb32d227-distribution-inventory-role-1st-shift--starting-at-21-50-hr,2026-09-15 12:54:18.547000+00:00,2026-09-30 16:06:35.459312+00:00
35,1440-foods-manufacturing,1440 Foods Manufacturing,hr coordinator,2a8953811b33,https://1440-foods-manufacturing.breezy.hr/p/2a8953811b33-hr-coordinator,2026-08-18 16:02:34.659000+00:00,2026-09-30 16:06:35.459312+00:00
36,1440-foods-manufacturing,1440 Foods Manufacturing,it/ot security engineer & incident response manager,2026bd62ab2f,https://1440-foods-manufacturing.breezy.hr/p/2026bd62ab2f-it-ot-security-engineer-incident-response-manager,2026-08-07 19:52:33.709000+00:00,2026-09-30 16:06:35.459312+00:00
37,1440-foods-manufacturing,1440 Foods Manufacturing,lab technician ii,6ba8c3ac810b,https://1440-foods-manufacturing.breezy.hr/p/6ba8c3ac810b-lab-technician-ii,2026-09-09 18:38:55.585000+00:00,2026-09-30 16:06:35.459312+00:00
38,1440-foods-manufacturing,1440 Foods Manufacturing,maintenance coordinator,e1e2b3e4325d,https://1440-foods-manufacturing.breezy.hr/p/e1e2b3e4325d-maintenance-coordinator,2026-08-26 16:38:50.191000+00:00,2026-09-30 16:06:35.459312+00:00
39,1440-foods-manufacturing,1440 Foods Manufacturing,maintenance technician - 1st shift - starting at $26.25/hr,592023d1d973,https://1440-foods-manufacturing.breezy.hr/p/592023d1d973-maintenance-technician-1st-shift--starting-at-26-25-hr,2026-08-20 12:54:51.049000+00:00,2026-09-30 16:06:35.459312+00:00
40,1440-foods-manufacturing,1440 Foods Manufacturing,maintenance technician - 2nd shift - starting at $28.08/hr,e7ce91ad9c29,https://1440-foods-manufacturing.breezy.hr/p/e7ce91ad9c29-maintenance-technician-2nd-shift--starting-at-28-08-hr,2026-08-20 12:59:11.503000+00:00,2026-09-30 16:06:35.459312+00:00
41,1440-foods-manufacturing,1440 Foods Manufacturing,maintenance technician - 3rd shift - starting at $28.08/hr,2df94afb4612,https://1440-foods-manufacturing.breezy.hr/p/2df94afb4612-maintenance-technician-3rd-shift--starting-at-28-08-hr,2026-06-11 18:29:35.569000+00:00,2026-09-30 16:06:35.459312+00:00
42,1440-foods-manufacturing,1440 Foods Manufacturing,plant controller,84a0bf50e43d,https://1440-foods-manufacturing.breezy.hr/p/84a0bf50e43d-plant-controller,2026-09-03 17:37:35.340000+00:00,2026-09-30 16:06:35.459312+00:00
43,1440-foods-manufacturing,1440 Foods Manufacturing,procurement specialist,98f5f1e8a628,https://1440-foods-manufacturing.breezy.hr/p/98f5f1e8a628-procurement-specialist,2026-09-03 20:05:33.040000+00:00,2026-09-30 16:06:35.459312+00:00
44,1440-foods-manufacturing,1440 Foods Manufacturing,production supervisor - 1st shift,b66da3e46314,https://1440-foods-manufacturing.breezy.hr/p/b66da3e46314-production-supervisor-1st-shift,2026-09-26 03:01:57.631000+00:00,2026-09-30 16:06:35.459312+00:00
45,1440-foods-manufacturing,1440 Foods Manufacturing,production supervisor - 2nd shift,f958f2513dbc,https://1440-foods-manufacturing.breezy.hr/p/f958f2513dbc-production-supervisor-2nd-shift,2026-08-18 13:31:57.537000+00:00,2026-09-30 16:06:35.459312+00:00
46,1440-foods-manufacturing,1440 Foods Manufacturing,production team member - 1st shift - starting from $18.50/hr - $20.00/hr,48b3e5a4f722,https://1440-foods-manufacturing.breezy.hr/p/48b3e5a4f722-production-team-member-1st-shift--starting-from-18-50-hr---20-00-hr,2026-07-30 01:16:18.782000+00:00,2026-09-30 16:06:35.459312+00:00
47,1440-foods-manufacturing,1440 Foods Manufacturing,production team member - 2nd shift - starting from $19.80 - $21.40/hr,e64597bf5533,https://1440-foods-manufacturing.breezy.hr/p/e64597bf5533-production-team-member-2nd-shift--starting-from-19-80---21-40-hr,2026-07-30 01:19:23.165000+00:00,2026-09-30 16:06:35.459312+00:00
48,1440-foods-manufacturing,1440 Foods Manufacturing,production team member - 3rd shift - starting from $19.80 - $21.40/hr,4a6c3ab0e1be,https://1440-foods-manufacturing.breezy.hr/p/4a6c3ab0e1be-production-team-member-3rd-shift--starting-from-19-80---21-40-hr,2026-07-30 01:23:28.027000+00:00,2026-09-30 16:06:35.459312+00:00
49,1440-foods-manufacturing,1440 Foods Manufacturing,"sales manager, c-store",2e28553e3ce1,https://1440-foods-manufacturing.breezy.hr/p/2e28553e3ce1-sales-manager-c-store,2026-07-13 19:31:34.397000+00:00,2026-09-30 16:06:35.459312+00:00
50,1440-foods-manufacturing,1440 Foods Manufacturing,sanitation associate - 3rd shift - starting at $21.40/hr,e852d31ef311,https://1440-foods-manufacturing.breezy.hr/p/e852d31ef311-sanitation-associate-3rd-shift--starting-at-21-40-hr,2026-07-31 13:26:13.057000+00:00,2026-09-30 16:06:35.459312+00:00
51,1440-foods-manufacturing,1440 Foods Manufacturing,sanitation technician - 3rd shift - starting at $24.61/hr,62770b3735d1,https://1440-foods-manufacturing.breezy.hr/p/62770b3735d1-sanitation-technician-3rd-shift--starting-at-24-61-hr,2026-08-19 17:46:59.929000+00:00,2026-09-30 16:06:35.459312+00:00
52,1440-foods-manufacturing,1440 Foods Manufacturing,sr. hr manager,490abf9f3ba3,https://1440-foods-manufacturing.breezy.hr/p/490abf9f3ba3-sr-hr-manager,2026-09-03 16:23:50.734000+00:00,2026-09-30 16:06:35.459312+00:00
53,1440-foods-manufacturing,1440 Foods Manufacturing,stand-up forklift - material handling operator - 1st shift - starting at $20.00/hr,85dd02337db4,https://1440-foods-manufacturing.breezy.hr/p/85dd02337db4-stand-up-forklift-material-handling-operator--1st-shift---starting-at-20-00-hr,2026-06-24 13:14:44.285000+00:00,2026-09-30 16:06:35.459312+00:00
54,1440-foods-manufacturing,1440 Foods Manufacturing,stand-up forklift - material handling operator - 2nd shift - starting at $21.40/hr,37825f1a2d34,https://1440-foods-manufacturing.breezy.hr/p/37825f1a2d34-stand-up-forklift-material-handling-operator--2nd-shift---starting-at-21-40-hr,2026-06-24 13:18:38.342000+00:00,2026-09-30 16:06:35.459312+00:00
55,1440-foods-manufacturing,1440 Foods Manufacturing,stand-up forklift - material handling operator - 3rd shift - starting at $21.40/hr,118e6cd77e14,https://1440-foods-manufacturing.breezy.hr/p/118e6cd77e14-stand-up-forklift-material-handling-operator--3rd-shift---starting-at-21-40-hr,2026-06-24 13:25:38.461000+00:00,2026-09-30 16:06:35.459312+00:00
56,1aes,American Equipment Services,electrical assembler t1,521b4cd8c514,https://1aes.breezy.hr/p/521b4cd8c514-electrical-assembler-t1,2026-09-21 16:50:55.027000+00:00,2026-09-30 16:06:35.459312+00:00
57,1aes,American Equipment Services,fabricator/pipefitter,a6db8515ece5,https://1aes.breezy.hr/p/a6db8515ece5-fabricator-pipefitter,2026-09-03 13:12:35.270000+00:00,2026-09-30 16:06:35.459312+00:00
58,1aes,American Equipment Services,heavy equipment operator,751704b29e70,https://1aes.breezy.hr/p/751704b29e70-heavy-equipment-operator,2026-09-21 20:43:48.621000+00:00,2026-09-30 16:06:35.459312+00:00
59,1aes,American Equipment Services,project manager,424c6b395466,https://1aes.breezy.hr/p/424c6b395466-project-manager,2026-08-18 18:32:26.596000+00:00,2026-09-30 16:06:35.459312+00:00
